provider_name,feed_type,feed_driver_simplified_version,telemetry.score,telemetry.trip_updates_per_minute,trip_distance.score,trip_distance.crow_flies_median,incidents.score,incidents.most_recent_incident_date,average_response.score,average_response.average_response_in_hours,uptime.score,uptime.uptime_percentage,data_freshness.score,data_freshness.avg_diff_in_seconds,vehicles_on_prow.score,vehicles_on_prow.count_vehicles_on_prow
Atom,mds,1.1,,,,,5.0,2024-06-12,,0.0,5.0,1.0,0.0,,5.0,0.0
Ayva,mds,1.2.0,,,,,5.0,,,0.0,5.0,1.0,0.0,,5.0,0.0
Beam,mds,1.1,5.0,21.66666666666667,4.0,1.103743333333333,5.0,2025-11-28,,0.0,5.0,1.0,0.0,,5.0,1.0
Billy,gbfs,1,0.0,,0.0,,5.0,2022-12-22,,0.0,5.0,1.0,1.0,,5.0,0.0
Bird,mds,1.0,4.0,7.666666666666667,5.0,1.511423333333333,4.0,2025-06-09,2.0,248.1111111111111,4.0,0.9796296296296295,0.0,107.2544705,4.0,4.814814814814815
Bit Mobility,mds,1.0,,,,,5.0,2022-09-22,,0.0,5.0,1.0,0.0,,5.0,0.0
Bolt,mds,1.0,5.0,9.8,5.0,1.277515,4.0,2026-05-09,3.0,416.4545454545454,5.0,0.9996969696969698,1.0,20.40083844444444,2.0,18.0
Boom,mds,1.1,,,,,5.0,2026-05-25,,0.0,5.0,1.0,0.0,,5.0,0.0
Bydue,mds,1.2.0,,,,,,,,,,,,,,
COOLTRA,mds,1.2.0,,,,,3.0,2026-08-25,5.0,20.75,5.0,0.9975,1.0,57.30483275,5.0,0.0
COOLTRA,gbfs,1,0.0,,0.0,,5.0,2023-02-04,,0.0,5.0,1.0,1.0,,5.0,0.0
Call a bike,mds,2.0.0,2.0,3.0,5.0,1.18446,4.0,2026-08-24,0.0,242.5,5.0,0.995,0.0,,0.0,635.5
Check,gbfs,1,0.0,,0.0,,5.0,2026-06-19,,0.0,0.0,0.62,1.0,,5.0,0.0
City Bike,gbfs,2,0.0,,0.0,,5.0,2023-06-15,,0.0,5.0,1.0,1.0,,5.0,0.0
Cooltra,mds,1.2.0,1.0,1.0,5.0,1.6424825,3.0,2026-08-25,5.0,20.75,5.0,0.9975,1.0,57.30483275,1.0,70.0
Cooltra,gbfs,1,0.0,,0.0,,5.0,2023-02-04,,0.0,5.0,1.0,1.0,,5.0,0.0
Donkey,mds,2.0.0.donkey,1.0,1.0,5.0,1.32096,0.0,2026-10-03,,0.0,5.0,1.0,0.0,,0.0,203.0
Dott,mds,1.2.0,,,,,5.0,2025-10-20,3.0,120.75,4.0,0.9906250000000001,0.0,,5.0,0.0
Edog,mds,2.0.0,1.0,1.0,5.0,1.29646,3.0,2026-09-09,5.0,1.0,3.0,0.98,0.0,,0.0,252.0
Ele,mds,1.2.0,5.0,26.66666666666667,5.0,2.21413,0.0,2026-10-03,,0.0,5.0,1.0,0.0,138.911177,0.0,7.666666666666667
Emmy,mds,1.2.0,1.0,1.0,5.0,1.47192,4.0,2026-09-02,0.0,551.0,5.0,0.995,1.0,33.54128,3.0,295.5
Felyx,gbfs,1,0.0,,0.0,,5.0,2025-02-03,0.0,227.0,5.0,1.0,1.0,,5.0,0.0
Fenix,mds,1.2.0,,,,,5.0,2025-02-16,5.0,1.0,5.0,1.0,0.0,,5.0,0.0
Freebike,gbfs,2,0.0,,0.0,,5.0,2023-12-28,,0.0,5.0,1.0,1.0,,5.0,0.0
GoSharing,mds,1.2.0,,,,,5.0,2023-01-11,,0.0,5.0,1.0,0.0,,5.0,0.0
Goteborg,gbfs,1,0.0,,0.0,,5.0,2025-12-07,,0.0,0.0,0.51,1.0,,5.0,0.0
HELBIZ,mds,1.0,,,,,5.0,2026-05-20,0.0,735.5,5.0,1.0,0.0,,5.0,0.0
Hopp,mds,2.0.0,1.0,1.0,5.0,1.233563333333333,3.0,2026-08-21,3.0,29.33333333333333,5.0,1.0,0.0,,0.0,33.33333333333334
Hopp,gbfs,2,0.0,1.0,0.0,1.50189,3.0,2026-08-20,,0.0,5.0,1.0,1.0,,5.0,0.0
Jump,gbfs,1,0.0,,0.0,,5.0,,,0.0,5.0,1.0,1.0,,5.0,0.0
LeasysGO!,mds,1.1,,,,,5.0,2022-02-20,,0.0,5.0,1.0,0.0,,5.0,0.0
Lime,mds,2.0.0.lime,3.0,3.636363636363636,5.0,1.674611818181818,3.0,2026-08-01,2.0,808.4,5.0,0.9983333333333333,0.0,,2.0,88.1
MVG-Rad,gbfs,2,,,,,,,,,,,,,,
Mimoto,gbfs,1,0.0,,0.0,,5.0,2022-07-24,,0.0,5.0,1.0,1.0,,5.0,0.0
Neuron,mds,2.0.0,5.0,,,,5.0,2026-06-29,5.0,0.5,5.0,1.0,0.0,,0.0,387.0
Pick_e_bike,gbfs,1,0.0,1.0,0.0,1.5,5.0,2026-06-29,,0.0,5.0,1.0,1.0,,0.0,57.0
Pikyrent,gbfs,2,0.0,,0.0,,3.0,2026-09-25,,0.0,0.0,0.87,1.0,,5.0,0.0
Pony,mds,1.0,1.0,1.0,5.0,1.28236,4.0,2026-08-08,0.0,375.0,0.0,0.505,0.0,,3.0,272.5
Poppy,gbfs,1,0.0,1.0,0.0,1.5,3.0,2026-09-07,,0.0,0.0,0.95,1.0,,0.0,373.0
Publibike,gbfs,2,0.0,,0.0,,0.0,2026-10-03,0.0,429.0,5.0,1.0,1.0,,5.0,0.0
Rapp,mds,1.2.0,,,,,,,,,,,,,,
RideMovi,mds,1.0,3.0,4.0,1.0,0.0,5.0,2025-10-10,,0.0,5.0,0.9960000000000001,1.0,30.35347933333334,2.0,65.2
Ridemovi,mds,1.0,,,,,5.0,2025-10-10,,0.0,5.0,0.9960000000000001,1.0,30.35347933333334,5.0,0.0
Ryde,mds,1.0,1.0,2.307692307692307,5.0,1.334206153846154,4.0,2026-08-18,3.0,65.07692307692308,5.0,0.9976923076923078,3.0,-215.9720298461538,0.0,632.2307692307693
SHARE-NOW,mds,1.1,,,,,5.0,2023-02-08,,0.0,5.0,1.0,0.0,,5.0,0.0
ShareBike,mds,1.2.0,,,,,,,,,,,,,,
Spin,mds,0.4.0,,,,,5.0,2022-01-04,,0.0,5.0,1.0,0.0,,5.0,0.0
Superpedestrian,mds,1.0,,,,,5.0,2025-09-10,0.0,1357.5,5.0,1.0,0.0,,5.0,0.0
Tier,mds,1.2.0,,,,,5.0,2024-11-26,3.0,266.3103448275862,5.0,1.0,0.0,,5.0,0.0
Tier,gbfs,2,0.0,,0.0,,5.0,2024-08-05,,0.0,5.0,1.0,1.0,,5.0,0.0
Velospot,gbfs,2,0.0,,0.0,,0.0,2026-10-03,,0.0,5.0,1.0,1.0,,5.0,0.0
Voi,mds,2.0.0,1.0,1.1,5.0,1.35767925,5.0,2026-06-26,3.0,113.6190476190476,5.0,0.9983333333333333,0.0,,0.0,82.5952380952381
WIND,mds,0.4.1,,,,,5.0,2024-02-26,,0.0,5.0,1.0,0.0,,5.0,0.0
Yego,mds,1.2.0,2.0,3.0,5.0,1.58121,3.0,2026-09-14,5.0,27.0,0.0,0.79,0.0,,0.0,1.0
Yourcar,mds,2.0.0,,,,,4.0,2026-07-25,,0.0,5.0,1.0,0.0,,5.0,0.0
Zeus,mds,1.0,3.0,4.0,5.0,1.40303,3.0,2025-05-08,2.0,221.0,5.0,1.0,0.0,124.534875,3.0,29.0
ZigZag,gbfs,1,0.0,,0.0,,5.0,2023-04-06,,0.0,5.0,1.0,1.0,,5.0,0.0
Zisch,mds,1.0,,,,,5.0,2026-06-29,,0.0,4.0,0.99,0.0,111.660564,5.0,0.0
bleeperbike,gbfs,2,0.0,,0.0,,5.0,2026-02-26,,0.0,0.0,0.84,1.0,,5.0,0.0
cargoroo,gbfs,1,0.0,,0.0,,5.0,2025-02-02,,0.0,5.0,1.0,1.0,,5.0,0.0
donkey,mds,2.0.0.donkey,,,,,0.0,2026-10-03,,0.0,5.0,1.0,0.0,,5.0,0.0
emmy,mds,1.2.0,,,,,4.0,2026-09-02,0.0,551.0,5.0,0.995,1.0,33.54128,5.0,0.0
highspeedservice,mds,0.3.0,,,,,5.0,2022-09-22,,0.0,5.0,1.0,0.0,,5.0,0.0
hopp,mds,unknown,,,,,4.0,2026-07-08,0.0,3793.0,5.0,1.0,0.0,,5.0,0.0
hopp,gbfs,2,0.0,,0.0,,3.0,2026-08-20,,0.0,5.0,1.0,1.0,,5.0,0.0
moby,gbfs,2,0.0,1.0,0.0,1.49999,5.0,2026-06-29,,0.0,5.0,1.0,1.0,,5.0,0.0
neuron,mds,2.0.0,,,,,5.0,2026-06-29,5.0,0.5,5.0,1.0,0.0,,5.0,0.0
nextbike,mds,2.0.0,1.0,1.0,1.0,0.60671,5.0,2026-04-29,0.0,261.2857142857143,5.0,0.9985714285714286,0.0,,1.0,2716.714285714286
nextbike,gbfs,2,0.0,1.0,0.0,1.499991428571428,2.0,2026-09-08,0.0,53.22222222222222,4.0,0.9944444444444444,1.0,,5.0,0.0
sharebike,mds,1.2.0,,,,,,,,,,,,,,
yego,mds,1.2.0,,,,,3.0,2026-09-14,5.0,27.0,0.0,0.79,0.0,,5.0,0.0
